{
  "pts": {
    "mean_actual": 14.649396735273243,
    "std_actual": 9.638122274828524
  },
  "treb": {
    "mean_actual": 5.122072391767211,
    "std_actual": 3.5776892785558627
  },
  "ast": {
    "mean_actual": 3.300212916962385,
    "std_actual": 2.7456669438829726
  }
}